{
  "ReRoutes": [
    {
      "DownstreamPathTemplate": "/api/StudentAttendance",
      "DownstreamScheme": "https",
      "DownstreamHostAndPorts": [
        {
          "Host": "localhost",
          "Port": 44341 //44317
        }
      ],
      "UpstreamPathTemplate": "/apigateway/StudentAttendance",
      "UpstreamHttpMethod": [ "GET", "PUT", "POST" ]
    },
    {
      "DownstreamPathTemplate": "/api/StudentAdmission",
      "DownstreamScheme": "https",
      "DownstreamHostAndPorts": [
        {
          "Host": "localhost",
          "Port": 44311
        }
      ],
      "UpstreamPathTemplate": "/apigateway/StudentAdmission",
      "UpstreamHttpMethod": [ "GET", "PUT", "POST" ]
    },
    {
      "DownstreamPathTemplate": "/api/RegistrationCourse",
      "DownstreamScheme": "https",
      "DownstreamHostAndPorts": [
        {
          "Host": "localhost",
          "Port": 44322 
        }
      ],
      "UpstreamPathTemplate": "/apigateway/RegistrationCourse",
      "UpstreamHttpMethod": [ "GET", "PUT", "POST" ]
    }
  ]
}